,de,cz,en
typ1-1,Silvester und Neujahr,Silvestr a Nový rok,New Year
typ2-1,Fasching,Masopust,Carnival
typ3-1,Karwoche,Svatý týden,Easter week
typ4-1,Ostern,Velikonoce,Easter
typ5-1,Pfingsten,Svatodušní svátky,Whitsun
typ6-1,Kirchweih,Posvícení,Parish fair
typ7-1,Nikolaus,Mikuláš,St Nicholas Day
typ8-1,Weihnachten,Vánoce,Christmas
typ9-1,Hochzeit,Svatba,Wedding
typ10-1,Wallfahrt,Náboženské poutě,Pilgrimage
typ11-1,Bestattung,Pohřbívání,Funeral
name1-1,Rauhnächte im Saazerland,Divoké noci na Žatecku,The Twelve Days of Christmas in Žatecko/Saazerland
name1-2,Silvester im Adlergebirge,Silvestr v Orlických horách,New Year’s Eve in the Eagle Mountains
name1-3,Neujahrswünschen im Oberland,Novoroční přání na Českolipsku,New Year wishes in Českolipsko/Oberland
name2-1,Plumpmänner im Riesengebirge,Maškary „Plumpmänner“ v Krkonoších,“Plumpmänner” in the Giant Mountains
name2-2,Maskenzug im Mittelgebirge,Maškarní průvod ve Středohoří,Masked parade in the Central Bohemian Highlands
name2-3,Aschermittwoch im Elbetal,Popeleční středa v Polabí,Ash Wednesday in the Labe/Elbe Valley
name2-4,Todaustragen in der Wischauer Sprachinsel,Vynášení smrtky ve vyškovském jazykovém ostrově,Carrying Away Death in the Vyškov/Wischau Linguistic Enclave
name3-1,Schnarren im Oberland,Řehtačky na Českolipsku,Rattling in Českolipsko/Oberland
name3-2,Ratschen in Südmähren,Řehtačky na jižní Moravě,Rattling in South Moravia
name3-3,Osterwasser im Altvatergebirge,Velikonoční omývání vodou v Jeseníkách,Easter water in the High Ash Mountains
name3-4,Höritzer Passionsspiele im Böhmerwald,Hořické pašijové hry na Šumavě,Hořice/Höritz Passion play in the Bohemian Forest
name4-1,Schmeckostern im Adlergebirge,Velikonoční pomlázka v Orlických horách,Easter lashings in the Eagle Mountains
name4-2,Schmeckostern im Kuhländchen,Velikonoční pomlázka na Kravařsku,Easter Lashings in Kravařsko/Kuhländchen
name4-3,Aufpeitschen im Erzgebirge,Mrskačka v Krušných horách,Whippings in the Ore Mountains
name4-4,Ostersingen im Niederland,Velikonoční zpívání na šluknovském výběžku,Easter singing in the Šluknov/Schluckenau Hook
name4-5,Osterreiten im Niederland,Velikonoční jízda na šluknovském výběžku,Easter ride in the Šluknov/Schluckenau Hook
name4-6,Osterreiten in der Iglauer Sprachinsel,Velikonoční jízda v jihlavském jazykovém ostrově,Easter ride in the Jihlava/Iglau Linguistic Enclave
name4-7,Ostereier in Südmähren,Velikonoční vejce na jižní Moravě,Easter eggs in South Moravia
name4-8,Ostern in den Beskiden,Velikonoce v Beskydech,Easter in the Beskid Mountains
name5-1,Pfingstreiten im Böhmerwald,Svatodušní jízda na Šumavě,Whitsun ride in the Bohemian Forest
name5-2,Pfingstausflug im Isergebirge,Svatodušní výlet v Jizerských horách,Whitsun outing in the Jizera/Iser Mountains
name5-3,Pfingstfeuer in den Beskiden,Svatodušní ohně v Beskydech,Whitsun bonfire in the Beskid Mountains
name6-1,Kirchweih in der Iglauer Sprachinsel,Posvícení v jihlavském jazykovém ostrově,Parish fair in the Jihlava/Iglau Linguistic Enclave
name6-2,Kirchweih in Südmähren,Posvícení na jižní Moravě,Parish fair in South Moravia
name6-3,Genod im Schönhengstgau,„Genod“ na Hřebečsku,Parish Fair in Hřebečsko/Schönhengstgau
name7-1,Nikolaus im Altvatergebirge,Mikuláš v Jeseníku,St Nicholas Day in the High Ash Mountains
name7-2,Nikolaus im Böhmerwald,Mikuláš na Šumavě,St Nicholas Day in the Bohemian Forest
name7-3,Nikolaus im Isergebirge,Mikuláš v Jizerských horách,St Nicholas Day in the Jizera/Iser Mountains
name7-4,Rupprecht im Riesengebirge,Pacholek Ruprecht v Krkonoších,Rupprecht in the Giant Mountains
name8-1,Weihnachtskrippe im Isergebirge,Vánoční betlém v Jizerských horách,Christmas manger in the Jizera/Iser Mountains
name8-2,Christbaum im Riesengebirge,Vánoční stromeček v Krkonoších,Christmas tree in the Giant Mountains
name8-3,Neunerlei-Essen im Mittelgebirge,Vánoční devatero ve Středohoří,Nine types of food in the Central Bohemian Highlands
name8-4,Weihnachten im Egerland,Vánoce na Chebsku,Christmas in the Egerland
name8-5,Weihnachten im Schönhengstgau,Vánoce na Hřebečsku,Christmas in Hřebečsko/Schönhengstgau
name8-6,Weihnachten im Kuhländchen,Vánoce na Kravařsku,Christmas in Kravařsko/Kuhländchen
name9-1,Polterabend in der Iglauer Sprachinsel,Předsvatební večer v jihlavském jazykovém ostrově,Pre-wedding Party in the Jihlava/Iglau Linguistic Enclave
name9-2,Hochzeit in der Wischauer Sprachinsel,Svatba ve vyškovském jazykovém ostrově,Wedding in the Vyškov/Wischau Linguistic Enclave
name9-3,Hochzeit in den Beskiden,Svatba v Beskydech,Wedding in the Beskid Mountains
name9-4,Hochzeit im Egerland,Svatba na Chebsku,Wedding in the Egerland
name10-1,Wallfahrt nach Zuckmantel im Altvatergebirge,Pouť do Zlatých hor v Jeseníku,Pilgrimage to Zlaté Hory/Zuckmantel in the High Ash Mountains
name10-2,Wallfahrt nach Quinau im Erzgebirge,Pouť do Květnova v Krušných horách,Pilgrimage to Květnov/Quinau in the Ore Mountains
name10-3,Wallfahrt nach Grulich im Adlergebirge,Pouť do Králík v Orlických horách,Pilgrimage to Králíky/Grulich in the Eagle Mountains
name10-4,Wallfahrt nach Böhmisch Trübau im Schönhengstgau,Pouť do České Třebové na Hřebečsku,Pilgrimage to Česká Třebová/Böhmisch Trübau in Hřebečsko/Schönhengstgau
name11-1,Totenbretter im Böhmerwald,Umrlčí prkna na Šumavě,Wooden funeral stretchers in the Bohemian Forest
name11-2,Bestattung im Egerland,Pohřbívání na Chebsku,Funeral in the Egerland
name11-3,Bestattung im Kuhländchen,Pohřbívání na Kravařsku,Funeral in Kravařsko/Kuhländchen
titel1-1,Rauhnächte im Saazerland,Divoké noci na Žatecku,The Twelve Days of Christmas in Žatecko/Saazerland
titel1-2,Silvester im Adlergebirge,Silvestr v Orlických horách,New Year’s Eve in the Eagle Mountains
titel1-3,Neujahrswünschen im Oberland,Novoroční přání na Českolipsku,New Year wishes in Českolipsko/Oberland
titel2-1,Plumpmänner im Riesengebirge,Maškary „Plumpmänner“ v Krkonoších,“Plumpmänner” in the Giant Mountains
titel2-2,Maskenzug im Mittelgebirge,Maškarní průvod ve Středohoří,Masked parade in the Central Bohemian Highlands
titel2-3,Aschermittwoch im Elbetal,Popeleční středa v Polabí,Ash Wednesday in the Labe/Elbe Valley
titel2-4,Todaustragen in der Wischauer Sprachinsel,Vynášení smrtky ve vyškovském jazykovém ostrově,Carrying Away Death in the Vyškov/Wischau Linguistic Enclave
titel3-1,Schnarren im Oberland,Řehtačky na Českolipsku,Rattling in Českolipsko/Oberland
titel3-2,Ratschen in Südmähren,Řehtačky na jižní Moravě,Rattling in South Moravia
titel3-3,Osterwasser im Altvatergebirge,Velikonoční omývání vodou v Jeseníkách,Easter water in the High Ash Mountains
titel3-4,Höritzer Passionsspiele im Böhmerwald,Hořické pašijové hry na Šumavě,Hořice/Höritz Passion play in the Bohemian Forest
titel4-1,Schmeckostern im Adlergebirge,Velikonoční pomlázka v Orlických horách,Easter lashings in the Eagle Mountains
titel4-2,Schmeckostern im Kuhländchen,Velikonoční pomlázka na Kravařsku,Easter Lashings in Kravařsko/Kuhländchen
titel4-3,Aufpeitschen im Erzgebirge,Mrskačka v Krušných horách,Whippings in the Ore Mountains
titel4-4,Ostersingen im Niederland,Velikonoční zpívání na šluknovském výběžku,Easter singing in the Šluknov/Schluckenau Hook
titel4-5,Osterreiten im Niederland,Velikonoční jízda na šluknovském výběžku,Easter ride in the Šluknov/Schluckenau Hook
titel4-6,Osterreiten in der Iglauer Sprachinsel,Velikonoční jízda v jihlavském jazykovém ostrově,Easter ride in the Jihlava/Iglau Linguistic Enclave
titel4-7,Ostereier in Südmähren,Velikonoční vejce na jižní Moravě,Easter eggs in South Moravia
titel4-8,Ostern in den Beskiden,Velikonoce v Beskydech,Easter in the Beskid Mountains
titel5-1,Pfingstreiten im Böhmerwald,Svatodušní jízda na Šumavě,Whitsun ride in the Bohemian Forest
titel5-2,Pfingstausflug im Isergebirge,Svatodušní výlet v Jizerských horách,Whitsun outing in the Jizera/Iser Mountains
titel5-3,Pfingstfeuer in den Beskiden,Svatodušní ohně v Beskydech,Whitsun bonfire in the Beskid Mountains
titel6-1,Kirchweih in der Iglauer Sprachinsel,Posvícení v jihlavském jazykovém ostrově,Parish fair in the Jihlava/Iglau Linguistic Enclave
titel6-2,Kirchweih in Südmähren,Posvícení na jižní Moravě,Parish fair in South Moravia
titel6-3,Genod im Schönhengstgau,„Genod“ na Hřebečsku,Parish Fair in Hřebečsko/Schönhengstgau
titel7-1,Nikolaus im Altvatergebirge,Mikuláš v Jeseníku,St Nicholas Day in the High Ash Mountains
titel7-2,Nikolaus im Böhmerwald,Mikuláš na Šumavě,St Nicholas Day in the Bohemian Forest
titel7-3,Nikolaus im Isergebirge,Mikuláš v Jizerských horách,St Nicholas Day in the Jizera/Iser Mountains
titel7-4,Rupprecht im Riesengebirge,Pacholek Ruprecht v Krkonoších,Rupprecht in the Giant Mountains
titel8-1,Weihnachtskrippe im Isergebirge,Vánoční betlém v Jizerských horách,Christmas manger in the Jizera/Iser Mountains
titel8-2,Christbaum im Riesengebirge,Vánoční stromeček v Krkonoších,Christmas tree in the Giant Mountains
titel8-3,Neunerlei-Essen im Mittelgebirge,Vánoční devatero ve Středohoří,Nine types of food in the Central Bohemian Highlands
titel8-4,Weihnachten im Egerland,Vánoce na Chebsku,Christmas in the Egerland
titel8-5,Weihnachten im Schönhengstgau,Vánoce na Hřebečsku,Christmas in Hřebečsko/Schönhengstgau
titel8-6,Weihnachten im Kuhländchen,Vánoce na Kravařsku,Christmas in Kravařsko/Kuhländchen
titel9-1,Polterabend in der Iglauer Sprachinsel,Předsvatební večer v jihlavském jazykovém ostrově,Pre-wedding Party in the Jihlava/Iglau Linguistic Enclave
titel9-2,Hochzeit in der Wischauer Sprachinsel,Svatba ve vyškovském jazykovém ostrově,Wedding in the Vyškov/Wischau Linguistic Enclave
titel9-3,Hochzeit in den Beskiden,Svatba v Beskydech,Wedding in the Beskid Mountains
titel9-4,Hochzeit im Egerland,Svatba na Chebsku,Wedding in the Egerland
titel10-1,Wallfahrt nach Zuckmantel im Altvatergebirge,Pouť do Zlatých hor v Jeseníku,Pilgrimage to Zlaté Hory/Zuckmantel in the High Ash Mountains
titel10-2,Wallfahrt nach Quinau im Erzgebirge,Pouť do Květnova v Krušných horách,Pilgrimage to Květnov/Quinau in the Ore Mountains
titel10-3,Wallfahrt nach Grulich im Adlergebirge,Pouť do Králík v Orlických horách,Pilgrimage to Králíky/Grulich in the Eagle Mountains
titel10-4,Wallfahrt nach Böhmisch Trübau im Schönhengstgau,Pouť do České Třebové na Hřebečsku,Pilgrimage to Česká Třebová/Böhmisch Trübau in Hřebečsko/Schönhengstgau
titel11-1,Totenbretter im Böhmerwald,Umrlčí prkna na Šumavě,Wooden funeral stretchers in the Bohemian Forest
titel11-2,Bestattung im Egerland,Pohřbívání na Chebsku,Funeral in the Egerland
titel11-3,Bestattung im Kuhländchen,Pohřbívání na Kravařsku,Funeral in Kravařsko/Kuhländchen
subtitel1-1,"„Das Vieh hat geredet, da durfte man nicht zuhören …“","„Dobytek mluvil lidskou řečí, nesmělo se mu naslouchat…“","“The cattle have spoken, no one should be listening…”"
subtitel1-2,"„… da wusste man, dass im nächsten Jahr keiner sterben wird.“","„…a to jsme pak věděli, že v příštím roce nikdo neumře.“",“…then we knew that no one would die the following year.”
subtitel1-3,„Es musste ja jeder auch einen Schnaps kriegen …“,„Každý přeci musel taky dostat nalito kořalky…“,“Everyone had to be given a schnapps…”
subtitel2-1,"„Die Leute haben schon immer eine Freude gehabt, wenn die Plumpmänner kamen.“","„To se lidi vždycky bavili, když přicházeli tak zvaní ‚Plumpmänner‘.“",“People were always happy to the see the ‘Plumpmänner’.”
subtitel2-2,"„Oh, unser Maskenzug … der war herrlich!“","„Ach, náš maškarní průvod…to byla nádhera!“","“Oh, our masked parade…how wonderful it was!”"
subtitel2-3,„Manchmal ist der Herr Pfarrer gekommen und hat uns sakrisch ausgeschimpft …“,„Někdy přišel pan farář a sakramentsky nám vyhuboval…“,“Sometimes the priest came and scolded us terribly…”
subtitel2-4,"„Was haben wir, was tragen wir? Den lieben Tod begraben wir …“","„Co to máme, co neseme? Smrtečku pohřbíváme…“","“What do we have, what are we carrying away? We are burying dear Death…”"
subtitel3-1,"„Da sind wir durchs ganze Dorf gezogen, weil ja die Glocken nach Rom geflogen waren …“","„Táhli jsme celou vesnicí, protože zvony přeci odletěly do Říma…“",“We marched through the whole village because the church bells had flown off to Rome…”
subtitel3-2,"„Das Geschrei und die Ratschen, was die für einen Lärm gemacht haben …!“","„Toho křiku a řehtačky, jaký ty dělaly rámus…!“","“The shouting and the rattling, what a noise they made…!”"
subtitel3-3,"„… da mussten sich alle in dem Bach waschen gehen, eiskaltes Wasser!“","„…a všichni se museli jít omýt do potoka, voda byla studená jako led!“","“…everyone had to go and wash themselves in the stream, in ice-cold water!”"
subtitel3-4,„Im Ganzen haben 300 Personen mitgespielt.“,„Celkem tam účinkovalo 300 lidí.“,“There were 300 people on stage.”
subtitel4-1,"„Man hat versucht, sie noch im Bett zu erwischen und ihr tüchtig den Hintern auszuhauen.“",„Snažili jsme se ji zastihnout ještě v posteli a pořádně jí vypleskat zadek.“,“The aim was to surprise her while she was still in bed and give her a good hiding on the bottom.”
subtitel4-2,„Die Schönen sind ein bisschen mehr schmeckostert worden als die Garstigen.“,„Ty hezké jsme vyšlehali trochu víc než ty škaredé.“,“The pretty ones were lashed a bit more than the plain ones.”
subtitel4-3,"„Rote rote Eier raus, sonst peitsch′ ich euer Dirndl aus!“","„Dejte vejce červený, jinak vám holku vymrskám!“","“Come on out with the red, red eggs, or I’ll give you a lashing on your legs!”"
subtitel4-4,"„Na, erst war′s ja sehr schön, da ging's noch alles im Takt …“","„No, na začátku to bylo moc hezký, to ještě všichni drželi takt…“","“At first, it was all very nice, everything was still to the beat…”"
subtitel4-5,"„Zu Ostern, da gab′s bei uns ja ein Osterreiten …“",„O Velikonocích se u nás konala Velikonoční jízda…“,"“At Easter, we always had the Easter ride…”"
subtitel4-6,„… und so sind sie durch die Flur geritten.“,„…a tak jeli po rolích.“,“…and so they rode through the meadows.”
subtitel4-7,"„… und wenn sie runterkamen, waren sie hin!“","„…a když spadly na zem, bylo po nich!“","“…and when they came back down, they smashed into pieces!”"
subtitel4-8,„Danach war die Auferstehungsfeier – wunderschön!“,„Pak byla slavnost Zmrtvýchvstání – ta byla nádherná!“,“Thereafter came the celebration of the Resurrection – it was wonderful!”
subtitel5-1,"„Der erste im Ziel bekam die Fahne, der war der Held des Tages …“","„Kdo dojel do cíle jako první, dostal vlajku a byl hrdina dne…“","“The first rider to reach the target was given the flag, he was the hero of the day…”"
subtitel5-2,„Das war unser sommerliches Vergnügen.“,„To byla naše letní zábava.“,“That was our summer enjoyment.”
subtitel5-3,„Wir haben die Besen angezündet …“,„Zapalovali jsme košťata…“,“We set alight to the brooms…”
subtitel6-1,„Und dann sind wir wieder ins Wirtshaus gegangen …“,„A potom jsme šli zase do hospody…“,“And then we returned to the inn…”
subtitel6-2,„… und das hat drei Tage lang gedauert.“,„…a tak to pak šlo celé tři dny.“,“…and it lasted for three days.”
subtitel6-3,„Die meisten blieben beim Ringelspiel stehen.“,„Většina lidí zůstala stát u kolotoče.“,“Most stopped to watch the carousel.”
subtitel7-1,"„Das war mein Vater, aber wir haben ihn ja nicht erkannt!“","„On to byl tatínek, jenže my jsme ho nepoznaly!“","“It was my father, but we didn’t recognize him!”"
subtitel7-2,„Mit ein paar Ketten kam der Niklo angerasselt …“,„Přihnal se Mikuláš a chřestil řetězy…“,“Niklo came rattling with a pair of chains…”
subtitel7-3,„Ich werd‘ euch in den Sack stecken müssen …“,„Budu vás muset strčit do pytle…“,“I’ll have to put you into my sack…”
subtitel7-4,"„Der Rupprecht, der war in Stroh und der hatte vier Schellen …“",„Pacholek Ruprecht byl oblečený do slámy a měl čtyři zvonce…“,“Rupprecht came wearing straw and had four cowbells…”
subtitel8-1,„Weit und breit kamen die Leute und taten’s sich ansehen …!“,„Lidé se na něj jezdili dívat ze široka zdaleka…!“,“People came from far afield and had a good look…!”
subtitel8-2,"„Da musste alles stimmen, sonst wurde er gar nicht genommen, der Baum …“","„Na stromečku muselo být všechno akurátní, jinak jsme si ho vůbec nevzali…“","“Everything had to be just right, otherwise the tree wouldn’t have been selected…”"
subtitel8-3,„… sonst hat man kein Glück das ganze Jahr.“,„…jinak člověk po celý rok nebude mít štěstí.“,“…otherwise you‘ll have no luck for the entire year.”
subtitel8-4,„Während des Heiligabendessens ist die Haustür eisenfest zugesperrt worden.“,„Během Štědrovečerní večeře byly dveře od stavení pevně zamčené.“,"“During the meal on Christmas Eve, the door to the house was bolted closed.”"
subtitel8-5,„… da ist viel geschossen worden an Heiligabend.“,„…a na Štědrý večer se hodně střílelo.“,“…many firecrackers were left off on Christmas Eve.”
subtitel8-6,"„Am Heiligen Abend, da musst’s halt Karpfen sein …“",„Na Štědrý večer prostě musel být na stole kapr…“,“On Christmas Eve it simply had to be carp…”
subtitel9-1,"„Wenn der Bräutigam aus einem anderen Ort war, hat er die Braut loskaufen müssen.“","„Když byl ženich přespolní, musel si nevěstu vykoupit.“","“When the bridegroom came from somewhere else, he had to pay a ransom for the bride.”"
subtitel9-2,„Die Braut hat abbitten müssen …“,„Nevěsta musela odprosit rodiče…“,“The bride had to beg for forgiveness…”
subtitel9-3,"„Wenn bei uns eine Hochzeit war, das war ja ein Trara …!“","„Když se u nás konala svatba, to tedy bylo povyku…!“","“When we had a wedding, there was such great razmaztazz…!”"
subtitel9-4,"„Ob der Hof gepasst hat und ob das Mädel auf den Hof gepasst hat, das war die Hauptsache.“","„Hlavní bylo, jestli vyhovovalo hospodářství, a jestli se děvče do toho hospodářství hodilo.“",“The main thing was whether the farm would do and whether the girl would do on the farm.”
subtitel10-1,„… und für die Kinder gab’s Rosenkränze aus Zuckerguss.“,„…a děti dostávaly růžence z cukrové polevy.“,"“…and for the children, there were rosaries made from icing sugar.”"
subtitel10-2,"„… die haben gewusst, dass sie die Muttergottes gesund macht.“","„…oni věděli, že Matka Boží je uzdraví.“",“…they knew that the Mother of God makes them well.”
subtitel10-3,"„Das sind wir zu Fuß gerannt, die Schuhe über die Schulter gehängt …“","„Běželi jsme bosky, boty přehozené přes rameno…“",“We ran there with our shoes hanging over our shoulders…”
subtitel10-4,„Da haben wir uns immer Zuckerstangen gekauft …“,„Tam jsme si vždycky kupovali cukrové tyčinky…“,“We always bought candy canes there…”
subtitel11-1,"„… und die sind jahrzehntelang dort gestanden, bis sie verfault sind.“","„…a ona tam pak stála desítky let, až se rozpadla.“",“…and they stood there for decades until they decomposed.”
subtitel11-2,"„Und wenn eins gestorben ist von uns, dann ist’s aufs Brettl gekommen …“","„A když někdo z nás umřel, tak šel na prkno…“","“And when one of us had died, he or she was put on the wooden board…”"
subtitel11-3,„So haben diese vier Männer den Sarg dreimal tief gesenkt zum Zeichen des Abschieds …“,„A na znamení loučení ti čtyři muži rakev třikrát spustili hluboko k zemi…“,“These four men lowered the coffin three times as a sign of farewell…”
text1-1,"Was man in den Rauhnächten oder Heiligen Nächten zwischen Heiligabend (24. Dezember) und Dreikönigstag (6. Jänner) träumte, sollte in Erfüllung gehen. Es hieß, zu dieser Zeit würde das Vieh sprechen. Um Unglück fern zu halten, durfte man ihm nicht zuhören und keine Wäsche aufhängen. Auf das Grab eines verstorbenen Angehörigen sollte man ein Kupferstück legen, damit er sich im Himmel ein Vaterunser kaufen konnte.","Sny, které se lidem zdály v divokých neboli svatých nocích v době mezi Štědrým dnem (24. prosince) a svátkem Tří králů (6. ledna), se měly vyplnit. Říkalo se, že dobytek v tento čas mluví lidskou řečí. Aby se odehnalo neštěstí, nesmělo se mu naslouchat ani věšet prádlo. Na hrob zemřelých členů rodiny se měl položit měďák, aby si za něj mohli v nebi koupit otčenáš.","Whatever was dreamt during the Twelve Days of Christmas or “Rauhnächte” – from Christmas Eve (24 December) to Epiphany (6 January) – was supposed to come true. It was said that during this period the cattle would speak. To keep misfortune at bay, no one should listen to what they were saying and no washing should be hung out to dry. A copper coin was to be placed on the grave of deceased relatives so that they could buy a Lord’s Prayer in heaven."
text1-2,"An Silvester bekam jeder vier Nüsse als Symbol für die kommenden Vierteljahre. Eine schlechte Nuss bedeutete Krankheit. Beim Bleigießen deutete die Großmutter die entstandenen Figuren. Man halbierte auch Äpfel, und wenn sich in der Mitte ein Kreuz zeigte, kündigte das einen Todesfall in der Familie an.","Na Silvestra každý dostal čtyři ořechy jako symboly pro nadcházející čtvrtletí. Zkažený ořech znamenal nemoc. Při odlévání olova věštila babička z odlitých figurek budoucnost. Také se rozkrajovala jablka. Když se po rozkrojení vejpůl uprostřed objevil křížek, znamenalo to úmrtí v rodině.","On New Year’s Eve, everyone was given four nuts, which symbolized the quarters of the coming year; a bad nut signified illness. Grandmother interpreted the figures that emerged during the pouring of the molten lead. Apples were halved and if a cross appeared along the core, everyone knew that someone in the family would die."
text1-3,"An Neujahr kamen der Briefträger, der Kaminkehrer und der Nachtwächter ins Haus. Sie sagten einen Spruch auf und brachten einen Kalender mit. Natürlich musste jeder einen Schnaps bekommen. Danach gab man ihnen Geld als Anerkennung für ihre im vergangenen Jahr geleistete Arbeit.","Na Nový rok přicházeli do domu listonoš, kominík a ponocný. Odříkali průpovídku a přinesli kalendář. Každý samozřejmě musel dostat nalito kořalky. Potom jako výraz uznání za vykonanou práci v minulém roce dostali něco peněz na přilepšenou.","At New Year, the postman, the chimney sweep and the nightwatchman were all invited into the house. They recited a saying and brought a calendar with them. Of course, they all had to be given a schnapps. Thereafter, they received money in recognition of their work the previous year."
text2-1,"Zu Beginn der Faschingszeit zogen die Plumpmänner von Haus zu Haus. Das waren sieben Männer mit Helmen aus Stroh, begleitet von einem Harmonikaspieler und einem Spaßmacher, der allerhand Dummheiten machte. Man tanzte auf der Straße und läutete damit den Fasching ein. Dieser Brauch war sehr beliebt.","Na začátku masopustu táhli od chalupy k chalupě maškary (tzv. Plumpmänner), což bylo sedm mužů se slaměnými přilbami. Doprovázeli je harmonikář a taškář, který dělal všechny možné vylomeniny. Lidé tancovali na ulici a zahajovali tak masopust. Tento zvyk byl velmi oblíbený.","At the beginning of Carnival, the “Plumpmänner” went from house to house. They were seven men in all who wore straw helmets and were accompanied by an accordionist and jester who played all kinds of silly tricks. People danced on the street to mark the start of Carnival. This custom was very popular."
text2-2,"In jeden Ort gab es einen Maskenzug. Vorneweg gingen die Lauferburschen und -mädchen in blauen Röcken, weißen Blusen, schwarzen Miedern und perlenbestickten Kappen. Sie knallten mit langen Peitschen, vor denen man sich in Acht nehmen musste. Nach ihnen kamen viele weitere Maskierte. Der Maskenzug fand am Sonntag statt und es wurde bis Montag getanzt.","Každá ves měla svůj maškarní průvod. V čele šli tzv. laufři – chlapci a děvčata v modrých kabátcích, bílých košilích s černými živůtky a čapkách s našitými perličkami. Práskali dlouhým bičem, před kterým se člověk musel mít na pozoru. Za nimi pochodovaly další maškary. Maškarní průvod se konal v neděli a tancovalo se až do pondělního rána.","In every town and village, there was a masked parade. Right at the front were the errand boys and girls in blue aprons, white blouses, black bodices and pearl-embroidered caps. They cracked long whips, which everyone had to beware of. There followed lots of other masked people. The masked parade was on Sunday and the dancing continued until Monday."
text2-3,"Noch am Aschermittwoch zog man von Haus zu Haus und bekam Eier, Speck, Bratwurst und viel Apfelwein. Die Bauern waren freigiebig, weil es hieß, sonst würde die Gerste nicht wachsen. Abends wurde bei einem Essen und ein paar Bier der Fasching begraben. Trotz der Proteste des Pfarrers gegen die Umzüge in der Fastenzeit ließ man sich diesen Brauch nicht nehmen.","Ještě i o Popeleční středě chodily maškary od chalupy k chalupě, kde je hostili vejci, slaninou, klobásou a notnou dávkou jablečného vína. Sedláci byli štědří, protože se tradovalo, že jim jinak neporoste ječmen. Večer pak byl u společného jídla a piva masopust pohřben. Navzdory protestům pana faráře proti průvodům v době půstu si lidé tento obyčej nenechali vzít.","On Ash Wednesday, people continued to go from house to house and were given eggs, ham, fried sausages and lots of apple cider. The farmers were generous because otherwise, it was said, the barley would not grow. In the evening, Carnival drew to a close with a meal and a couple of beers. Despite the priests’ objections to parades during Lent, no one was prepared to give up this custom."
text2-4,"In der Fastenzeit trugen die 13- bis 14-jährigen Mädchen den Tod aus. Sie zogen mit einer Strohpuppe als Symbol für den Tod von Haus zu Haus und sangen ein Lied. Damit wollten sie das Ende des Winters anzeigen. Den Tod begraben hieß, den Winter begraben. Von jeder Hausfrau bekamen die Mädchen Eier, Schmalz, Gries und Geld. Sie kochten sich ein gutes Essen und teilten den Rest auf.","V období půstu vynášela 13-14letá děvčata smrtku. Chodila se slaměnou figurou od chalupy k chalupě a zpívala. Chtěla tím zvěstovat konec zimy. Pohřbení smrtky znamenalo pohřbení zimy. Od každé hospodyně dostaly dívky vejce, sádlo, kroupy a peníze. Uvařily si něco dobrého k snědku a zbytek rozdaly.","During Lent, young girls between the ages of 13 and 14 carried away Death. They went from house to house with a straw doll as a symbol of Death and sang a song. In this way, they wanted to mark the end of the winter. Burying Death meant burying winter. From each housewife, the young girls received eggs, lard, semolina and money. They prepared a good meal for themselves and divided up what remained."
text3-1,"Am Gründonnerstag zogen die Schulkinder mit Schnarren (Klappern) durch das ganze Dorf. Sie ersetzten mit ihrem Lärm das Läuten der Kirchenglocken, die – so sagte man – nach Rom geflogen waren. Am Karfreitag war das Heilige Grab offen und die Kinder mussten Wache halten, immer vier Jungen für zwei Stunden. Manchen fiel es schwer, so lange ruhig zu sitzen, aber die Andacht musste gewahrt werden.","Na Zelený čtvrtek táhli celou vesnicí školáci s řehtačkami (klapačkami), jejichž rámus nahrazoval vyzvánění zvonů, které – jak se říkalo – odletěly do Říma. Na Velký pátek byl Boží hrob otevřený a děti u něj musely držet stráž, vždy čtyři chlapci se střídali po dvou hodinách. Některým přišlo zatěžko vydržet takovou dobu klidně sedět, zbožnost ale musela být zachována.","On Maundy Thursday, the schoolchildren marched through the village shaking rattles. The noise they made replaced the church bells, which – it was said – had flown off to Rome. On Good Friday, the Holy Tomb was opened and the children had to keep watch – always four boys for a period of two hours. Some found it difficult to keep still for such a long time, but the devotion had to be performed."
text3-2,"Wenn am Gründonnerstag die Glocken aufhörten zu läuten, zogen die Schulkinder mit Ratschen (Klappern) durchs Dorf und machten dabei großen Lärm. Das Ratschen ging bis Karsamstag. Danach sammelten die Kinder an den Haustüren ihren Lohn in Form von Geld oder Eiern ein.","Když na Zelený čtvrtek utichly zvony, táhli vesnicí školáci s řehtačkami (klapačkami) a dělali přitom obrovský rámus. Tak to šlo až do Bílé soboty. Poté děti obešly chalupy a dostávaly odměnu ve formě peněz nebo vajíček.","When the bells stopped tolling on Maundy Thursday, the schoolchildren marched through the village with rattles, making a terrible noise. The rattling continued until Good Friday. Thereafter, the children collected their reward in the form of money or eggs handed out to them at house doors."
text3-3,"Gründonnerstag bis Ostersamstag waren strenge Fasttage. Am Donnerstag mussten alle Hausbewohner vor Sonnenaufgang zum Bach gehen und sich mit kaltem Wasser waschen. Denjenigen, die nicht laufen konnten, brachte man einen Eimer Wasser. Man sagte: „Heut ist grüner Donnerstag, wo Nattern und Schlangen vor dir erschrecken, und wenn sie dich hören oder riechen, da sollen sie sich tief in die Erde reinkriechen!"". Dasselbe wiederholte sich am Karfreitag und Ostersamstag. Am Morgen des Ostersamstag weihte man Wasser und angebranntes Holz.","Od Zeleného čtvrtka do Bílé soboty se držel přísný půst. Ve čtvrtek museli všichni obyvatelé domu ještě před východem slunce zajít k potoku a omýt se studenou vodou. Když někdo nemohl chodit, donesla se mu voda ve vědru. Říkalo se: „Dnes je zelený čtvrtek, kdy se tě lekají užovky a hadi, a když tě zaslechnou nebo ucítí, nechť ať zalezou hluboko pod zem!“ Totéž se opakovalo na Velký pátek a o Bílé sobotě. Na Bílou sobotu se ráno světila voda a ohořelé dřevo.","Maundy Thursday, Good Friday and Easter Saturday were all strict fasting days. On Thursday, everyone living in the house had to go to the stream before sunrise and wash themselves with cold water. Those who were unable to walk were given a bucket of water. It was said: “Today is Maundy Thursday, when the vipers and snakes are afraid of you, and if they hear or smell you, they should crawl deep into the earth!” The same procedure was repeated on Good Friday and Easter Saturday. On the morning of Easter Saturday, water and burnt wood were consecrated."
text3-4,"In Höritz gab es, im Gegensatz zu Oberammergau, eine geschlossene Bühne. Sie war in Stufen am Hang gebaut und hatte seitliche Zugänge. 300 Personen spielten bei den Aufführungen mit, darunter 20 Chorsänger und die Hauptdarsteller. Den Einzug nach Jerusalem stellten rund 200 Mitwirkende dar. Die Proben begannen mehrere Wochen vorher. Die Aufführung dauerte einen ganzen Tag und wurde den Sommer über mehrfach wiederholt. Die Höritzer Passionsspiele fanden alle sechs Jahre statt.","Hořice na Šumavě měly na rozdíl od Oberammergau stálou divadelní budovu. Byla postavená stupňovitě ve svahu a měla postranní vchody. V představení účinkovalo 300 osob, z toho bylo 20 sboristů a představitelé hlavních rolí. Ve scéně příchodu do Jeruzaléma hrálo 200 účinkujících. Se zkouškami se započalo několik týdnů před uvedením pašijové hry. Představení pak trvalo celý den a během léta bylo několikrát reprízováno. Hořické pašijové hry se konaly jednou za šest let.","There was a covered stage in Hořice na Šumavě/Höritz, unlike in Oberammergau (Upper Bavaria). It was built into a hillside and had wings on each side. Some 300 people took part in the plays, including the main actors and 20 members of the chorus. Around 200 people were involved in the depiction of the entry into Jerusalem. Rehearsals began several weeks before the performance, which lasted a whole day and was repeated several times during the summer. The Hořice Passion play took place every six years."
text4-1,"Die Buben flochten aus drei bis acht geschmeidigen Weidenruten eine Schmeckosterrute. Damit gingen sie am Ostermontag frühmorgens zu einem Mädchen und versuchten, sie noch im Bett zu überraschen und mit der Rute zu schlagen. Die Mädchen mussten dann Eier oder Schnaps spendieren. Am Dienstag durften sie sich bei den Buben revanchieren.","Ze tří až osmi ohebných vrbových proutků si chlapci pletli velikonoční pomlázku. Na Velikonoční pondělí s ní časně zrána chodili za děvčaty, která se snažili překvapit ještě v posteli a pomlázkou je vyšlehat. Dívky jim pak za to musely dát vejce nebo kořalku. V úterý to pak chlapcům směly oplatit.","The young men made canes by weaving together three to eight smooth strips of willow. Then, early in the morning on Easter Monday, they went to the house of a young girl and tried to surprise her in bed so that they could beat her with the cane. The young girls had to respond by giving them eggs or schnapps. On Tuesday they were allowed to take their revenge on the young men."
text4-2,"Schon drei Wochen vor Ostern schnitten die Buben Weidenzweige und flochten Schmeckosterruten mit roten Schleifen. Jeder wollte die schönste haben. Sie legten sie in Salzwasser, um sie geschmeidig zu machen. Für die Mädchen war es eine Ehre, damit geschlagen (schmeckostert) zu werden. Jemanden zu vergessen, bedeutete eine große Beleidigung. Überall bekam man gefärbte Eier und Süßigkeiten, die größeren Buben auch Schnaps. Darauf freute man sich das ganze Jahr.","Už tři týdny před Velikonocemi si chlapci řezali vrbové proutí a pletli pomlázky s červenou stuhou. Každý chtěl, aby ta jeho byla nejhezčí. Pomlázku kladli do osolené vody, aby zvláčněla. Pro děvčata bylo bití (šlehání) pomlázkou pocta. Zapomenout na některou znamenalo velkou urážku. Chlapci všude dostávali obarvená vajíčka a sladkosti, ti větší i kořalku. Těšili se na to celý rok.","As early as three weeks before Easter, the young men cut willow branches and wove them together with red ribbons. Everybody wanted to have the most beautiful cane. They soaked them in salt water so that they would be smooth. For the young girls, it was an honour to be beaten (“lashed for Easter”) with them. To miss someone out was a huge insult. The young men were given painted eggs and sweets, and the older ones also received schnapps. Everybody looked forward the whole year to the event."
text4-3,"Bei den Burschen hieß es: „Wir gehen aufpeitschen“. Sie flochten eine Rute aus biegsamen Zweigen, banden eine Schleife daran und gingen zu den Mädchen. Dort schlugen sie mit der Rute an die Türe und riefen: „Rote rote Eier raus, sonst peitsch‘ ich euer Dirndl aus!“ Dann kamen die Eltern und gaben Geld und andere Geschenke.","Kluci říkali: „Jdeme na mrskačku“. Upletli si pomlázku z ohebných proutků, uvázali na ni stuhu a šli za děvčaty. Pomlázkou práskali na dveře a volali: „Dejte vejce červený, jinak vám holku vymrskám!“ Rodiče dívky pak otevřeli a dávali jim peníze a jiné dárky.","The young lads used to say: “We’re off to do some whipping.” They wove together a cane from supple branches, tied a ribbon around it and then went off in search of young girls. They lashed the doors to their houses with the cane and cried: “Come on out with the red, red eggs, or I’ll give you a lashing on your legs!” To which the parents came out of the house and gave them money and other treats."
text4-4,"In der Nacht von Samstag auf Sonntag gingen die Ostersänger von Haus zu Haus und sangen ihre Lieder. Sie mussten um Mitternacht anfangen, damit sie bis um 6 Uhr morgens fertig waren. Nachdem man ihnen in jedem Haus Schnaps anbot, gerieten die Lieder mit der Zeit etwas durcheinander. Nach den Ostersängern kamen die Osterreiter.","V noci ze soboty na neděli chodili od domu k domu velikonoční zpěváci a zpívali písně. Museli začít už o půlnoci, aby do 6 do rána všechno stihli. V každém stavení je počastovali kořalkou, takže postupem času se jim písničky začaly trochu plést. Po velikonočních zpěvácích přijeli velikonoční jezdci na koních.","On the night from Saturday to Sunday, the Easter singers went from house to house singing their songs. They had to begin at midnight in order to finish by six o’clock in the morning. Because they were offered a schnapps in every house, the songs tended to fall apart as the hours passed. The Easter singing was followed by the Easter ride."
text4-5,"Frühmorgens kam der Osterreiterverein und zog mit 20 bis 35 blumengeschmückten Pferden, Musik und Fahnen durch das Dorf. Nach dem Ostersingen in der Kirche ging nachmittags der Umzug weiter in die Stadt, nach Schluckenau. Bei der Rückkehr läuteten die Kirchenglocken, die Musik spielte und der Tumult ging los, so dass die Pferde tänzelten und ausschlugen.","Brzy zrána přijel Spolek velikonočních jezdců a na 20 až 35 květinami ozdobených koních projížděl s hudbou a vlajkami vesnicí. Po velikonočním zpívání v kostele průvod pokračoval do města Šluknova. Při návratu vyzváněly kostelní zvony, hrála hudba a nastal pořádný rámus, až koně vyplašeně přešlapovali a vyhazovali.","Early in the morning, the Easter Ride Society would arrive and march through the village with 20 to 35 flower-bedecked horses, music and flags. In the afternoon, after the Easter hymns had been sung in the church, the procession continued to the nearby town of Šluknov/Schluckenau. When it returned to the village, the church bells rang, music was played and all hell was let loose, causing the horses to fidget and rear."
text4-6,Ein schöner Brauch war auch das Osterreiten. Am Ostermontag versammelten sich frühmorgens die Bauern zu Pferd bei der Kirche. Der erste Reiter empfing vom Pfarrer das Kreuz und einen Segen. Damit ritt die Gruppe um die Felder und durch den ganzen Ort. An der Kirche nahm der Pfarrer das Kreuz wieder in Empfang.,Pěkný zvyk byla i velikonoční jízda na koních. Na Velikonoční pondělí se časně ráno u kostela shromáždili sedláci na koních. První jezdec dostal od faráře kříž a požehnání. Skupina pak s křížem objela pole a projela celou vesnicí. U kostela pak kříž zase předala farářovi.,"Another nice custom was the Easter ride. Early on Easter Monday, farmers on horseback gathered outside the church. The first rider took the cross from the priest and received a blessing. Thereafter the group rode across the fields and throughout the village. At the church, the priest took back the cross from the riders."
text4-7,"An Ostern färbte man 30 bis 40 Eier und die Kinder liefen damit auf eine Wiese zum Eierschupfen (Eierwerfen). Die Eier wurden in die Luft geworfen und man freute sich, wenn sie beim Aufkommen heil blieben. Am nächsten Tag war die Wiese mit bunten Eierschalen übersät.","O Velikonocích se obarvilo 30 až 40 vajec a děti s nimi běžely na louku na velikonoční házení. Vejce se házela do vzduchu a to bylo radosti, když při dopadu zůstala celá! Následující den byla louka posetá barevnými skořápkami.","At Easter, some 30 to 40 eggs were painted and the children ran with them to a meadow to take part in the throwing of the eggs. The eggs were thrown into the air and everyone was pleased when they came back down undamaged. The next day the meadow was covered in coloured egg shells."
text4-8,"Bei der Auferstehungsfeier am Ostersamstag war es besonders schön in der Kirche. Man musste einen Korb mit Speisen mitnehmen, der in der Sakristei geweiht wurde, damit Gott das Jahr über für genügend Essen sorgen möge. Am Ostersonntag ging die Familie mittags auf die Felder (ins Korn), um sie zu segnen. Man steckte kleine, am Palmsonntag geweihte Holzkreuze in die Erde. Die Schwester begoss sie mit Weihwasser und der Vater schoss mit dem Gewehr.","Při oslavě Zmrtvýchvstání o Bílé sobotě to bylo v kostele obzvlášť hezké. Museli jsme přinést košík s pokrmy, které se pak v zákristii světily, aby Bůh po celý rok dal dostatek jídla. O Velikonoční neděli šla rodina v poledne do polí (do obilí), aby jim požehnala. Do země se zastrkávaly dřevěné křížky, posvěcené o Květné neděli. Sestra je polévala svěcenou vodou a tatínek střílel z pušky.","It was especially beautiful inside the church during the celebration of the Resurrection on Easter Saturday. Everyone had to bring a basket filled with victuals, which were consecrated in the sacristy so that God would ensure there would be enough food throughout the year. On Easter Sunday the whole family went out into the fields (among the corn crops) to bless them. Small wooden crosses that had been consecrated on Palm Sunday were stuck into the soil. The sister poured holy water on them and the father fired shots into the air."
text5-1,"Beim Pfingstreiten flochten die Mädchen den Pferden Seidenbänder in Schweif und Mähne. Eine Musikkapelle zog von Bauernhof zu Bauernhof und holte die Reiter ab. Als alle versammelt waren, ritten sie auf die Felder hinaus, wo ein Ziel mit Stroh markiert war. Der erste Reiter am Ziel bekam eine Fahne und war der Held des Tages. Der zweite bekam eine Flasche Wein und der dritte Schnupftabak, von dem alle schnupfen durften.","Při svatodušní jízdě zaplétaly dívky koním do ohonu a do hřívy hedvábné stužky. Kapela táhla od statku ke statku a vyzvedávala jednoho jezdce za druhým. Když byli kompletní, vyrazili za vesnici do polí, kde se nacházel cíl, označený svazkem slámy. Kdo dosáhl cíle jako první, dostal vlajku a byl hrdina dne. Druhý v pořadí obdržel láhev vína a třetí šňupací tabák, kterého si směli šňupnout všichni.","For the Whitsun ride, the young girls plaited the horses' tails and manes with silk ribbons. A wind band went from farm to farm to collect the riders. When they had all gathered, they rode into the fields, where a target had been marked with straw. The first rider to reach the target received a flag and was the hero of the day. The second was given a bottle of wine and the third snuff tobacco, from which everyone could take a pinch."
text5-2,"An Pfingsten wurden die Birkenwägen geschmückt. Man stellte junge Birken darauf und einige Sitzbretter und dann ging es los. Es wurden Lieder gesungen, Ausflüge gemacht und man kehrte auch einmal ein. Das war ein sommerliches Vergnügen.","O svatodušních svátcích se vyzdobily březové bryčky. Postavily se do nich mladé břízky, pár prken na sezení, a už se jelo. Zpívali jsme, podnikali výlety a občas se zastavili v hostinci. To byla naše letní zábava.","At Whitsun, the wooden carts were decorated. Young birch trees and several seatboards were put inside them and then the celebrations began. Songs were sung, outings took place and everyone stopped somewhere for a bite to eat. It was pure summer enjoyment."
text5-3,"An Pfingsten wurde auf dem Feld ein Feuer gemacht. Zuvor hatte man alte Besen gesammelt, die dann im Pfingstfeuer angezündet wurden. Man freute sich, wenn der eigene Besen am besten brannte. Dann wurden die brennenden Besen in die Luft geworfen, was auf dem freien Feld gefahrlos möglich war.","O svatodušních svátcích se na poli rozdělal oheň. Předtím jsme sbírali stará košťata, která jsme pak ve svatodušním ohni zapalovali. Měli jsme radost, když zrovna to naše koště nejlíp hořelo. Pak jsme hořící košťata vyhazovali do vzduchu, což jsme na širém poli mohli dělat bez obav.","At Whitsun, a bonfire was built in the fields. Previously, people had collected old brooms, which were then set alight in the Whitsun bonfire. Everyone wanted their broom to burn best. The burning brooms were thrown into the air, something that could be done safely in the open fields."
text6-1,"Den Kirchweihtag begannen die Burschen mit einem Doppelliter Bier im Wirtshaus. Danach holten sie die Musikanten am Bahnhof ab und zogen mit ihnen unter Singen und Tuschen durch das Dorf bis zum Wirtshaus. Dort wurde dann getanzt bis zum nächsten Tag. Um sechs Uhr morgens zogen die Musikanten erneut durch das Dorf und gingen dann wieder ins Wirtshaus. Zu essen gab es nur einfache Gerichte wie Gulasch oder Würstchen, viel wichtiger war das Trinken.","Posvícení zahájili mladíci tuplákem piva v hostinci. Potom šli na nádraží pro muzikanty a za zpěvu a vyhrávání fanfár s nimi táhli vesnicí zpátky k hospodě. Tam se pak tancovalo až do rána. O šesté hodině ranní prošli muzikanti vesnicí znovu a zase se vrátili do hospody. K jídlu se podávaly jen jednoduché pokrmy jako guláš nebo párky, pití bylo mnohem důležitější.","The parish fair got under way with the young lads drinking two litres of beer in the local inn. Thereafter they collected the musicians from the railway station and, accompanied by music and fanfare, marched alongside them through the village and back to the inn, where they danced until the next day. At six o’clock in the morning, the musicians marched a second time through the village and then once again returned to the inn. Only simple meals, such as goulash or sausages, were available; drinking was much more important."
text6-2,"Der Kirchtag (Kirchweih) in Schöllschitz begann am zweiten Sonntag im Oktober und dauerte bis Dienstag. Am Sonntag zogen die Musikkapellen und die Altburschen von Haus zu Haus und luden die Dorfbewohner mit Musik und Wein zur Kirchweih ein. Auch die Musikanten wurden mit Wein bewirtet. Der Kirchweihtanz dauerte bis 3 Uhr morgens, manchmal auch bis 5 Uhr. Mit dem Bier war man nicht sparsam und keiner kam zu kurz. In den Tanzpausen wurden Lieder gesungen und das ganze Dorf war in fröhlicher, ausgelassener Stimmung.","V Želešicích začínalo posvícení druhou říjnovou neděli a trvalo až do úterka. V neděli táhli kapely a stárkové od domu k domu a zvali vesničany vínem a muzikou na posvícenskou zábavu. Také muzikanti byli pohoštěni vínem. Posvícenská taneční zábava trvala do tří do rána, někdy i do pěti. Pivem se nešetřilo a nikdo nepřišel zkrátka. V přestávkách mezi tancem se zpívalo a celá vesnice byla ve veselé, bujaré náladě.","The parish fair in Želešice/Schöllschitz began on the second Sunday in October and lasted until Tuesday. On Sunday, the wind bands and the young unmarried men went from house to house, luring the village residents with music and wine to the parish fair. The musicians, too, were given wine. The parish fair dance lasted until three o’clock in the morning, sometimes even until five o’clock. The beer flowed generously and no one missed out. During the breaks from dancing, songs were sung and the whole village was merry and high-spirited."
text6-3,"Das Aufstellen des Ringelspiels (Karussell) war der erste Vorbote der Triebitzer Genod (Kirchweih), und alle freuten sich darauf. Am Kirchweihsonntag weckte die Mutter die Familie und mahnte sie, in die Kirche zu gehen, und nicht ins Wirtshaus. In den Gassen hatten Händler ihre Stände aufgeschlagen, umringt von Einheimischen und Fremden. Nach dem Mittagessen wusste man nicht, wo man zuerst hingehen sollte. Die meisten blieben beim Karussell stehen. Abends war der Wirtshaussaal so voll, dass man kaum zur Tür hineinkam. Die Musik spielte und es wurde getanzt bis zur Morgendämmerung.","První předzvěstí Třebovického posvícení (tzv. Genod) byl příjezd kolotoče, na který se všichni těšili. O posvícenské neděli probudila matka celou rodinu a všechny nabádala, aby šli do kostela, a ne do hospody. V ulicích stály stánky obchodníků, obklopené místními i přespolními. Po obědě jsme nevěděli, kam jít dřív. Většina lidí zůstala stát u kolotoče. Večer byl velký sál v hospodě tak plný, že se dovnitř skoro nedalo dostat. Hrála hudba a tancovalo se až do svítání.","Putting up the carousel was the first sign of the Třebovice/Triebitz parish fair (“Genod”), and everyone looked forward to it. On the Sunday on which the fair took place, mothers woke up their families and reminded them to go to church and not to the inn. Tradesmen had already put up their stalls on the streets and were surrounded by locals and visitors. After lunch, no one could decide where to go first. Most stopped to look at the carousel. In the evening, it was so full in the inn that it was well-nigh impossible to get through the door. The musicians played and the dancing continued until dawn."
text7-1,"Die Sprecherin erinnert sich an einen Nikolausabend mit ihren sechs Schwestern. Die Mädchen waren oft unfolgsam und die Mutter drohte mit dem Nikolaus. Am Nikolaustag waren alle brav und beteten den ganzen Tag Vaterunser, doch die Mutter sagte, es sei zu spät. Der Nikolaus, der mit Sack und Kette kam, war der Vater, doch die Mädchen erkannten ihn nicht. Er nahm sich das frechste der Mädchen vor, das daraufhin zu schreien begann. Der Nikolaus steckte sie in den Sack und setzte sie draußen in den Schnee. Die anderen Mädchen mussten beten und bekamen Rüben, Kohl und Kartoffeln. Man drohte ihnen, wenn sie weiter so ungehorsam seien, werde das Christkind sie mitnehmen.","Vypravěčka vzpomíná na mikulášský večer, který jednou zažila se svými šesti sestrami. Dívky byly často neposlušné a maminka jim hrozila Mikulášem. Na sv. Mikuláše byly všechny hodné a celý den se modlily otčenáš, jenže maminka řekla, že to už je pozdě. Mikuláš, který dorazil s pytlem a řetězem, byl jejich tatínek, ale děvčata ho nepoznala. Jako první si vzal do parády tu nejzlobivější, která nato začala křičet. Mikuláš ji strčil do pytle a vysadil ji venku na sníh. Ostatní děvčata se musela pomodlit a dostala řepu, zelí a brambory. Pohrozili jim, že jestli budou dál tak neposlušné, odnese si je Ježíšek.","The woman quoted here is recalling the evening of one St Nicholas Day spent with her six sisters. The girls were often naughty and their mother had threatened that St Nicholas would come. On St Nicholas Day, they all behaved and said the Lord’s Prayer over and over again all day long; however, their mother said it was too late. St Nicholas, who came with a sack and chains, was their father but the girls failed to recognize him. He grabbed the cheekiest girl, who started to scream. St Nicholaus put her in the sack and deposited her outside in the snow. The other girls had to pray and were given turnips, cabbage and potatoes. They were warned that if they continued to disobey, the Baby Jesus would take them away."
text7-2,"An Nikolaus kam der Niklo. Er trug einen umgedrehten Schafpelzmantel, eine Pelzkappe und einem wilden Bart. Er klopfte fest an die Tür und rasselte mit einer Kette. Oft hatte er einen Teufel dabei, der Besen trug und die Kinder erschreckte. Der Niklo kam herein und fragte: „Willst du beten? Bist du brav gewesen?“ Dann mussten die Kinder auf den Knien einige Vaterunser beten und bekamen dafür Nüsse und Trockenfrüchte. Sie waren sehr erleichtert, wenn der Niklo wieder fort war.","Na Mikuláše chodil Mikuláš (na Šumavě mu říkali Niklo). Měl na sobě obrácený ovčí kožich, na hlavě kožešinovou čapku a vousy divoce rozježené. Bušil na dveře a chrastil řetězem. Často ho doprovázel čert s metlou, který naháněl dětem strach. Niklo vešel do chalupy a ptal se: „Chceš se pomodlit? Byl jsi hodný?“ Pak musely děti vkleče několikrát odříkat otčenáš a dostaly za to ořechy a sušené ovoce. Když Niklo zase odešel, tak si nesmírně oddechly.","On St Nicholas Day, Niklo appeared. He wore a sheepskin coat turned inside out, a sheepskin hat and a wild beard. He knocked loudly on the door and rattled his chains. Often he came with a devil, who was clutching brooms and frightened the children. Niklo went indoors and asked: “Do you want to pray? Have you been good?” Then the children had to say the Lord’s Prayer on their knees, for which they were rewarded with nuts and dried fruit. They were very relieved when Niklo had left the house."
text7-3,"Auf den Nikolaus freuten sich die Kinder nicht. Wenn er am Abend mit der Rute an die Tür schlug, bekamen sie Angst. Er fragte, ob sie folgsam gewesen seien. Wenn sie das bejahten, sagte er, das sei nicht wahr und er müsse sie in den Sack stecken. Gegen das Versprechen, in Zukunft brav zu sein, wurden die Kinder verschont. Sie mussten ein Lied singen und bekamen Äpfel, Schokolade und Nüsse. Danach drohte der Nikolaus erneut, er werde sie im nächsten Jahr mitnehmen, sollten sie sich nicht bessern.","Na Mikuláše se děti netěšily. Když večer svou metlou zabušil na dveře, zmocnil se jich strach. Ptal se jich, jestli byly poslušné. Když řekly, že ano, tak pravil, že to není pravda, a že je musí strčit do pytle. Když mu děti slíbily, že do budoucna budou hodné, tak toho byly ušetřeny. Musely něco zazpívat a dostaly jablka, čokoládu a ořechy. Pak jim Mikuláš znovu pohrozil, že jestli se nepolepší, tak si je příští rok odnese.","Children did not look forward to St Nicholas Day. When St Nicholas knocked on the door with his cane, they were afraid. He asked if they had been obedient. When they said “yes”, he responded that they were not telling the truth and he would have to put them into his sack. The children were spared that fate by promising to be good in future. They had to sing a song and were rewarded with apples, chocolate and nuts. Thereafter St Nicholas warned once again that he would take them away next year if they did not improve their behaviour."
text7-4,"Zum Rupprecht-Brauch gehörten acht Personen: der Rupprecht, in Stroh gekleidet, schwarz angemalt, mit Kuhschellen und Stock; Petrus mit langem Hemd, Petrusmütze, Schlüsseln und Zepter; der Nikolaus, der wie ein Bischof gekleidet war, und der Heilige Josef als buckliger alter Mann mit der Wiege unter dem Arm. Dazu kamen vier Mädchen als Christkinder. Die Gruppe zog drei bis vier Tage lang singend von Haus zu Haus und wurde für ihre Aufführung überall großzügig entlohnt.","Součástí Ruprechtovského obyčeje bylo osm postav: pacholek Ruprecht oblečený do slámy a černě pomalovaný, s kravskými zvonci a holí; sv. Petr v dlouhé košili se svatopetrskou čapkou, klíči a žezlem; Mikuláš, který byl oblečený jako biskup, a sv. Josef jako shrbený stařec s kolébkou pod paží. Doprovázely je čtyři dívky převlečené za Ježíška. Skupina tři až čtyři dny se zpěvem chodila od domu k domu a za své vystoupení byla všude štědře odměněna.","Eight people were needed for the Rupprecht custom: Rupprecht, clad in straw, painted black and brandishing cowbells and a stick; St Peter in a long shirt and cap with keys and sceptre; St Nicholas, who was dressed like a bishop; and St Joseph, who appeared as a bent-over old man with the cradle under his arm. The other four were girls dressed as the Baby Jesus. The group went from house to house over three or four days singing songs and were lavishly rewarded for their performance everywhere."
text8-1,"Josefa Mitlehner hatte eine vier Meter breite Weihnachtskrippe, die sie der biblischen Erzählung folgend aufbaute. Von überall her kamen die Leute, um sie anzuschauen, sogar ganze Schulklassen. In der Krippe gab es viele bewegliche Figuren und die Landschaft bestand aus Moos und Lehm. Bei der Zubereitung des Lehms halfen ihre Söhne. Der Aufbau dauerte fast drei Wochen. Die Peppin war nicht mehr jung, aber sie baute die Krippe jedes Jahr auf, solange sie konnte.","Josefa Mitlehner měla čtyři metry široký vánoční betlém, který vystavěla podle biblických příběhů. Lidé se odevšad na něj jezdili dívat, dokonce i celé školní třídy. V betlému byla spousta pohyblivých figurek, krajina sestávala z mechu a hlíny. S přípravou hlíny jí pomáhali synové. Výstavba trvala skoro tři týdny. Pepina už nebyla nejmladší, ale dokud mohla, stavěla betlém každý rok.","Josefa Mitlehner had a four metre-long Christmas manger that she had built in accordance with the biblical story. People came from far afield to take a look, even entire classes of schoolchildren. There were many movable figures in the manger and the landscape was made from moss and clay. Her sons helped her to prepare the clay. Erecting the manger took almost three weeks. Though no longer young, she erected it every year for as long as she was able."
text8-2,"Zu Weihnachten gab es einen schönen Christbaum, den der Vater aus dem Wald mitbrachte. Man schmückte ihn mit vergoldeten Nüssen, Äpfeln, Gebäck, Schaumringen vom Bäcker, Glasdekor und manchmal etwas Watte. Im waldreichen Riesengebirge wurde sehr darauf geachtet, dass der Baum schön und gleichmäßig gewachsen war.","O Vánocích jsme doma měli pěkný stromeček, který otec přivezl z lesa. Zdobili jsme ho pozlacenými ořechy, jablky, sněhovými věnečky od pekaře, skleněnými ozdobami a někdy trochou vaty. V lesnatých Krkonoších se velmi dbalo na to, aby stromeček byl hezky rostlý a souměrný.","At Christmas there was a beautiful Christmas tree that had been brought back from the forest by the head of the family. It was decorated with gilt nuts, apples, biscuits, sugar-coated doughnuts from the bakery, glass objects and sometimes cotton wool. In the heavily forested Giant Mountains, much care was taken to ensure that the tree was beautiful and had grown evenly."
text8-3,"Zum Abendessen an Weihnachten gab es zuerst Hirsebrei, damit man im nächsten Jahr viel Geld hatte. Dann gab es Heringssalat, Kaffee und Striezel, Apfelstrudel und Nüsse – von jedem etwas. Es mussten neunerlei Speisen sein, sonst hatte man das ganze Jahr kein Glück.","O štědrovečerní večeři se nejdříve jedla jáhlová kaše, aby byl v nadcházejícím roce dostatek peněz. Pak na stůl přišel slanečkový salát, káva s vánočkou, jablkový štrůdl a ořechy – ode všeho trochu. Pokrmů muselo být devět, jinak člověk po celý rok neměl štěstí.","The evening meal at Christmas began with a millet gruel, which meant lots of money over the next year. It was followed by a herring salad, coffee and braided sweet bread (“Striezel”), apple strudel and nuts – a small amount of everything. It had to be nine types of food, otherwise no one would have any luck for the entire year."
text8-4,"Der Heilige Abend war ein strenger Fastentag. Am Abend nach der Fütterung der Tiere setzten sich alle um den Tisch und beteten gemeinsam mit dem Bauern. Dann wurde gegessen, wobei man die Haustür fest verschloss. Es hieß, wer am Heiligen Abend beim Essen aufstand, der müsse sterben. Daher stellte man alle Speisen griffbereit um den Tisch herum. Nach dem Essen wurde wieder gebetet. Danach mussten der Jüngste und der Älteste die Bäume füttern: Sie schütteten Speiseabfälle in ein Tuch und verstreuten sie unter den Obstbäumen, damit sie im nächsten Jahr gut trugen. Danach bereitete der Bauer Futter für das Vieh zu, das „G'leck“, damit auch das Vieh einen Heiligen Abend hatte.","Na Štědrý den se držel přísný půst. Večer, když byla zvířata nakrmená, si všichni sedli kolem stolu a společně s hospodářem se pomodlili. Pak se společně pustili do jídla, přičemž dveře od stavení byly pevně zamčené. Říkalo se, že kdo vstane od štědrovečerní večeře, do roka zemře. Všechny pokrmy proto byly rozestavěné na dosah kolem stolu. Po jídle opět následovala modlitba. Pak museli nejmladší a nejstarší člen rodiny jít nakrmit stromy: zbytky jídla nasypali do ubrusu a rozložili je pod ovocné stromy, aby v příštím roce dobře nesly. Potom připravil sedlák krmení pro dobytek, tzv. „štědrovku“, aby se i dobytek o Štědrém večeru dobře poměl.","Christmas Eve was a strict fasting day. After the livestock had been fed in the evening, everyone sat around the table and prayed with the farmer. Then they began eating, whereby the door to the house had to be bolted closed. It was said that whoever got up during the meal on Christmas Eve would die. For that reason, every dish on the table was within easy reach of everyone. After the meal, prayers were said once again. Thereafter the youngest and the oldest person present had to feed the trees: the leftovers from the meal were put into a cloth and spread under the fruit trees so that next year’s harvest would be good. Then the farmer prepared fodder for the livestock – the “G'leck” – so that the animals, too, would have a Christmas Eve."
text8-5,"Die Kinder freuten sich lange auf Weihnachten und die versprochenen Geschenke. An Heiligabend, einem strengen Fastentag, traf man tagsüber alle Vorbereitungen. Abends schmückten die älteren Schwestern oder die Mutter den Baum und legten die Geschenke darunter. Auf ein Glockenläuten hin durften die Kinder ins Zimmer kommen. Man sagte ihnen, das Christkind sei schon davongeflogen. Nach der Bescherung brachte man die Kinder zu Bett und die Erwachsenen gingen zur Christmette in der festlich beleuchteten Kirche. Es war Brauch, an Heiligabend nachts mit Böllern zu schießen. Manche machten sich einen Spaß daraus, die Kirchgänger zu erschrecken.","Děti se na Vánoce a na slíbené dárky už dlouho těšily. Na Štědrý den, kdy se držel přísný půst, se přes den všechno připravovalo. Večer strojily starší sestry nebo matka stromeček a položily pod něj dárky. Na zazvonění zvonku směly děti do světnice. Řeklo se jim, že Ježíšek už odletěl. Po nadílce byly děti uloženy do postele a dospělí šli na půlnoční mši do slavnostně osvětleného kostela. Na Štědrý večer bylo zvykem odpalovat dělbuchy. Někteří z toho měli velkou legraci, když se jim návštěvníky kostela podařilo vylekat.","The children looked forward to Christmas and the expected presents for a long time. On Christmas Eve, which was a strict fasting day, everything was prepared during the day. In the evening, the older sisters and the mother decorated the tree and put the presents underneath it. When a bell was rung, the children were allowed to come into the room. They were told that Baby Jesus had already flown away. After the presents had been opened, the children were put to bed and the adults went to Midnight Mass in the festively lit church. It was the custom to let off firecrackers on the night of Christmas Eve. Some had fun frightening the churchgoers in this way."
text8-6,"Beim „Christkindlesingen“ an Heiligabend gingen sieben Kinder verkleidet von Haus zu Haus und baten darum, das Christkind einzulassen. Zuerst kam Josef, um „Quartier“ zu machen. Danach sang Maria ihr Lied. Der Hirte mit seinem Spruch bildete den Abschluss. Morgens um 5 Uhr ging man in die Christmette. An Heiligabend aß man Karpfen, Apfelstrudel und Striezel mit Honig, aber kein Fleisch. Zu Mittag gab es nur eine Suppe. Die Hauptmahlzeit fand abends vor dem Anzünden des Christbaums statt. Der Christbaum mit den Geschenken darunter war das größte Fest für die Kinder. Sie mussten brav sein, sonst sahen sie das „goldene Lammle“ nicht.","Při „zpívání Ježíškovi“ na Štědrý večer chodilo sedm přestrojených dětí od chalupy k chalupě a prosily, aby lidé Ježíška pustili do domu. Jako první přicházel Josef, aby poprosil o „ubytování“. Poté zazpívala Marie a závěr tvořil proslov pastýře. V pět hodin ráno se šlo na vánoční bohoslužbu. Na Štědrý večer jsme jedli kapra, jablkový štrůdl a vánočku s medem, ale žádné maso. V poledne byla jenom polévka. Hlavní jídlem dne byla večeře, která se konala před zapálením svíček na stromečku. Vánoční stromeček s dárky byl pro děti tím největším svátkem. Musely být hodné, jinak neuviděly „zlaté jehňátko“.","“Singing for the Infant Jesus” on Christmas Eve involved seven children in costume going from house to house and asking for the Baby Jesus to be allowed to enter. First came Joseph looking for accommodation and then Mary sang her song. The finale was the shepherd reciting his text. At five o’clock in the morning, people attended the Christmas Day Mass. On Christmas Eve, they ate carp, apple strudel and braided sweet bread with honey, but no meat. For lunch, they had only soup. The main meal was in the evening before the lighting of the Christmas tree. For the children, the greatest pleasure was the Christmas tree with all the presents underneath it. They had to be well behaved otherwise they would not see the “golden lamb”."
text9-1,"Am Polterabend brachte die Dorfjugend dem Brautpaar ein Ständchen. Wenn der Bräutigam aus einem anderen Ort kam, musste er die Braut loskaufen. Zwei Burschen überreichten ihm den sogenannten Hanselbrief mit der Forderung nach Löse- oder Hanselgeld sowie Glückwünschen für das Brautpaar. Nachdem der Bräutigam bezahlt hatte, wurde der „Ehstand“ gesungen.","V předvečer svatby chodila vesnická omladina snoubencům zazpívat. Když ženich pocházel z jiné vesnice, musel si nevěstu vykoupit. Dva mládenci mu předali dopis se žádostí o výkupné a gratulacemi pro snoubence. Poté co ženich zaplatil, zazpívali jim „manželskou“.","At the party on the eve of the wedding, the young men from the village serenaded the bridal couple. If the bridegroom was from elsewhere, he had to pay a ransom for the bride. Two lads handed him the so-called “Hansel” letter in which the ransom or “Hansel” money was demanded and the bridal couple congratulated. After the bridegroom had paid the ransom, the “Ehstand” (a traditional wedding song) was sung."
text9-2,"Am Dienstag begann die Hochzeit. Ein „Redmann“ organisierte den Brautzug zur Kirche, der von einer Musikkapelle begleitet wurde. An einer Hochzeit nahmen 300 bis 400 Gäste teil. Die jungen Mädchen hatten als Kranzljungfern einen Kranz auf dem Kopf, die Frauen eine Haube mit Bändern. Die Braut trug schwarze Strümpfe und Schuhe, einen eng gefältelten schwarzen Rock, eine weiße Schürze, ein rotes Mieder und einen Kranz auf dem Kopf. Vor der Trauung mussten Braut und Bräutigam bei ihren Eltern abbitten. Dazu knieten sie auf einem Schemel und sagten: „Mutter, vergebt mir alles, was man euch im ganzen Leben vergeben hat. Vergebt mir alles und verzeiht mir alles!“ Nach der Kirche musste die Braut zu den Schwiegereltern gehen und sagen: „Jetzt nehmt mich auf als eure Schwiegertochter, aber nicht nur als Schwiegertochter, sondern als eure eigene Tochter.“","Stavba začala v úterý. Svatební průvod ke kostelu, doprovázený živou muzikou, organizoval tzv. „tlampač“. Svatby se běžně účastnilo 300 až 400 hostů. Mladá děvčata, která šla za družičky, měla na hlavě věneček, dospělé ženy čepec se stuhami. Nevěsta měla na sobě černé punčochy a boty, hustě řasenou černou sukni, bílou zástěru, červený živůtek a na hlavě věnec. Před svatebním obřadem museli ženich s nevěstou odprosit své rodiče. Klečeli přitom na nízké stoličce a odříkávali: „Maminko, odpusťte mi všecko, co v celém životě bylo odpuštěno vám. Odpusťe a promiňte mi všecko!“ Po kostele musela jít nevěsta za tchánem a tchyní a říct jim: „Přijměte mě teď za snachu, ale ne jenom za snachu, ale za vlastní dceru.“","Weddings always began on Tuesdays. An usher (“Redmann”) organised the bridal procession to the church, which was accompanied by a wind band. Between 300 and 400 guests took part in a wedding. The young girls wore garlands on their heads as maids of honour and the women bonnets with ribbons. The bride wore black stockings and shoes, a closely pleated black skirt, a white blouse, a red bodice and a garland on her head. Before the marriage ceremony, the bride and bridegroom had to beg forgiveness from their parents. They knelt on a footstool and said: “Mother, forgive me everything for which you have been forgiven in your life. Forgive me everything, pardon me for everything!” After the church ceremony, the bride had to go to her parents-in-law and say: “Now accept me as your daughter-in-law, but not only as your daughter-in-law but also as your own daughter.”"
text9-3,"Am Donnerstag vor der Hochzeit backte man Kekse, die die Braut auf einem Brett zu allen geladenen Gästen tragen musste. Das war sehr anstrengend, wenn der Weg lang war. Meist bekam sie von den Gästen Geld oder das Hochzeitsgeschenk. Am Hochzeitstag holten die Brautjungfern – es waren mindestens zwei – mit der Musikkapelle die Gäste und das Brautpaar ab. Die Kinder liefen auf die Straße, um die Musik zu hören. Zuletzt kam der Zug zum Haus der Braut und ging von dort aus ohne Musik in die Kirche. Danach wurde im Wirtshaus getanzt und Musik gespielt.","Ve čtvrtek před svatbou se pekly koláčky, které pak nevěsta na prkénku musela roznést ke všem pozvaným hostům. To bylo někdy velmi namáhavé, když bydleli daleko. Od pozvaných většinou dostala peníze nebo svatební dar. V den svatby družičky – vždycky byly nejméně dvě – s muzikou vyzvedávaly hosty a snoubence. Děti vybíhaly na ulici, aby slyšely hudbu. Jako poslední se průvod zastavil u domu nevěsty a odtamtud se do kostela šlo už bez hudby. Pak se tancovalo v hostinci a hrála hudba.","On the Thursday before the wedding, the biscuits were made that the bride had to take on a tray to all the invited guests. That could be very tiring if she had to walk a long way. Most of the guests gave her money or a wedding present. On the day of the wedding, the bridesmaids – there were always at least two – collected the guests and the bridal couple, accompanied by a wind band. The children ran onto the streets to listen to the music. The last stop was the bride’s house and from there the procession continued to the church without music. Later there was dancing and music in the local inn."
text9-4,"Bei einer Hochzeit hatten die Eltern das Sagen, und nicht die zukünftigen Brautleute. War man sich einig über die Mitgift, wurden der Hochzeitstag festgelegt und die Vorbereitungen getroffen. Auf dem Weg zur Kirche ging der Bräutigam voran, hinter ihm die Angehörigen der Brautleute, die Taufpaten und zum Schluss die Braut mit dem Brautführer. Dieser übergab die Braut vor dem Altar an den Bräutigam und die Trauung konnte beginnen. Die Hochzeitsfeier fand meist vor dem Elternhaus der Braut statt und konnte bis zu drei Tage dauern. Gegen 8 Uhr wurde der Kammerwagen geführt, ein Leiterwagen mit den hoch aufgeschichteten Betten der Braut. Zwei Kammerwagenfrauen in Egerländer Tracht hielten die Betten mit Seidenbändern fest. Meist gab es einen zweiten Wagen mit Arbeitsgeräten. Der Kammerwagen fuhr in das neue Heim der Brautleute, wo das Eheleben seinen Anfang nahm.","Při svatbě měli rozhodující slovo rodiče, nikoli budoucí manželé. Po dohodě rodičů o výši věna byl stanoven termín svatby a začalo se s přípravami. Na cestě do kostela kráčel jako první ženich, za ním příbuzní snoubenců, kmotři a nakonec nevěsta s družbou. Ten předal nevěstu před oltářem ženichovi a obřad mohl začít. Svatební hostina se zpravidla konala před domem rodičů nevěsty a trvala někdy až tři dny. Kolem osmé hodiny ranní vyjel povoz s výbavou, což byl žebřiňák, na němž byly vysoce navršeny peřiny nevěsty. Dvě ženy v chebském kroji, které šly po stranách povozu, je přidržovaly hedvábnými stuhami. Za ním většinou jel ještě druhý vůz s pracovním náčiním. Povoz s výbavou mířil k novému domovu novomanželů, kde pak začalo jejich manželské soužití.","It was the parents, not the future bride and bridegroom, who decided whether there would be a wedding. If they were agreed on the dowry, then a date for the wedding would be set and the preparations undertaken. On the way to the church, the bridegroom went on ahead, followed by the couple’s relatives and godparents; the bride came last with the best man. When the latter had handed over the bride to the bridegroom at the altar, the ceremony could get under way. The wedding party usually took place in front of the parents’ house and could last as long as three days. Around eight o’clock, the bed chamber cart arrived – a wooden cart on which the bride’s beds had been piled high. Two women in the Egerland traditional costume who were perched on the cart held the beds in place with silk ribbons. More often than not, a second cart transported the work tools. The bed chamber cart drove to the new home of the couple, where their married life began."
text10-1,"Auf dem Weg nach Maria Hilf betete die Pilgergruppe laut die Litanei. Wenn sich eine Prozession der Kirche näherte, kam ihr meist ein Geistlicher mit Ministranten zur Begrüßung entgegen und die Kirchenglocke läutete. Auf dem großen Platz vor der Kirche konnte man an vielen Marktständen Wallfahrtsandenken und Kinderspielzeug kaufen. Zuerst ging man zu einer kurzen Andacht in die Kirche, danach besuchte man die umliegenden Kapellen, den heiligen Brunnen und die Heilige Stiege. Hier bewegten sich die Pilger unter andächtigen Gebeten auf den Knien nach oben.","Na cestě k Panně Marii Pomocné se poutníci hlasitě modlili litanie. Když se procesí blížilo ke kostelu, vyšel poutníky zpravidla přivítat duchovní s ministranty a kostelní zvon vyzváněl. Na velkém prostranství před kostelem se u četných stánků daly koupit upomínky na pouť a dětské hračky. Poutníci nejdřív zašli na krátkou pobožnost do kostela, potom navštívili okolní kaple, Posvátnou studánku a Svaté schody, po nichž poutníci za odříkávání zbožných modliteb vystupovali po kolenou.","On the way to Panna Maria/Maria Hilf, the group of pilgrims prayed the Litany aloud. When the procession was near the church, a priest accompanied by altar boys came out to welcome them and the church bells rang. On the large square in front of the church, it was possible to buy pilgrimage souvenirs and toys from the many stalls. The pilgrims first went into the church for short prayers and then visited the surrounding chapels, the sacred well and the Holy Stairs, which the pilgrims climbed on their knees while praying devoutly."
text10-2,"Der Wallfahrtsort Quinau lag auf einem Berg und wurde mit einer Prozession besucht. Der beleibte Pfarrer fuhr mit dem Wagen voran. Dahinter trugen weiß gekleidete Mädchen die Muttergottesstatue langsam hinauf zur Wallfahrtskirche. Dabei sangen sie Kirchenlieder. Vor der Kirche standen Buden, wo es alles Mögliche zu kaufen gab. Die Heilige Messe dauerte lange und die Kirche war überfüllt von Wallfahrern. Darunter gab es auch Kranke, die auf Heilung hofften.","Poutní místo Květnov leželo na kopci a konala se tam procesí. Tělnatý farář jel s bryčkou napřed. Za ním šly dívky, celé oblečené v bílém, a pomalu vynášely sošku Matky Boží k poutnímu kostelu. Přitom zpívaly zbožné písně. Před kostelem stály stánky, kde se dalo koupit všechno možné. Mše svatá trvala dlouho a kostel byl přeplněný poutníky. Byli mezi nimi i nemocní, kteří doufali v uzdravení.","The pilgrimage site of Květnov/Quinau stood on a hillside and was visited in procession. The stout priest rode ahead on a cart. Behind him came young girls dressed in white who slowly carried the statue of the Mother of God up to the pilgrimage church. They sang hymns on the way. In front of the church were booths, where everything under the sun could be bought. The Holy Mass lasted a long time and the church was overbrimming with pilgrims. Among them were sick people who were hoping to be healed."
text10-3,"Auf den Muttergottesberg bei Grulich ging man gewöhnlich barfuß. Um pünktlich zur Maiandacht zu kommen, half die ganze Familie beim Abwasch und im Stall zusammen. Um halb eins ging man auf den Muttergottesberg und um halb sechs musste man wieder im Stall sein. Der Weg hinauf dauerte eine gute Stunde. Oben am Kloster zog man die Schuhe wieder an und kämmte sich. Die Kinder wollten lieber zu den Verkaufsbuden, als in die Kirche, und mussten zurechtgewiesen werden. Zum weiter entfernten Wallfahrtsort Wartha fuhr man mit dem Zug. Dort gab es einen Vorbeter, der das Kreuz vorantrug, und alles war sehr feierlich. Die Wallfahrtsorte im Adlergebirge müssen den Vergleich mit Altötting nicht scheuen.","Na Horu Matky Boží u Králíků se obvykle chodilo bosky. Aby se na květnovou pobožnost přišlo včas, pomáhala při mytí nádobí a ve chlévě celá rodina. V půl jedné se vyráželo na Horu Matky Boží a o půl šesté už jsme zase museli být v maštali. Cesta nahoru trvala dobrou hodinu. Nahoře u kláštera jsme se opět obuli a učesali jsme se. Děti chtěly raději k prodejním stánkům než do kostela, takže bylo nutno je napomenout. Do vzdálenějšího poutního místa Bardo se jezdilo vlakem. Tam existoval předříkávač modliteb, který šel s křížem vepředu, a všechno bylo velmi slavnostní. Poutní místa v Orlických horách naprosto snesou srovnání s Altöttingem.","It was customary to go barefoot up to Hora Matky Boží/Muttergottesberg, near Králíky/Grulich. To arrive on time for the May devotions, the whole family would help with the washing-up and in the stalls. At twelve-thirty in the afternoon, everyone went up to Hora Matky Boží and at half past five they had to be back in the stalls. Going up took a good hour. At the monastery, they put their shoes back on and combed their hair. The children would have preferred to go to the sales booths rather than into the church and had to be reprimanded. The pilgrimage site of Bardo/Wartha, which lay farther off, was reached by train. A prayer leader was to be found there; he carried the cross and everything was very solemn. The pilgrimage sites in the Eagle Mountains can easily stand comparison with Altötting."
text10-4,"Die Bewohner von Böhmisch Trübau gingen zur Wallfahrt auf einen nahegelegenen Berg. Dort standen eine schöne Kapelle mit sonntäglichen Gottesdiensten, ein großer Tanzsaal und viele Verkaufsbuden. Es gab dort immer Zuckerstangen für die Kinder, obwohl die Eltern sehr sparsam waren. Vom Berg aus hatte man einen schönen Blick über ganz Trübau.","Obyvatelé České Třebové chodili na pouť na nedaleký kopec. Stála tam hezká kaple, kde se v neděli konaly mše, byl tam velký taneční sál a spousta prodejních stánků. Děti vždycky dostaly cukrové tyčinky, ačkoli rodiče jinak byli velmi šetrní. Z kopce byl krásný výhled na celou Třebovou.","The residents of Česká Třebová/Böhmisch Trübau went on the pilgrimage to a nearby hill on which stood a beautiful church offering services on Sundays alongside a large dancing hall and many sales booths. There were always candy sticks for the children, although their parents were very thrifty. The hill itself afforded a wonderful view of Třebová and its environs."
text11-1,"Bevor der Verstorbene in den Sarg gelegt wurde, bahrte man ihn auf dem Totenbrett auf. Dieses Brett wurde nach der Beerdigung vom Tischler zugeschnitten und mit dem Namen des Toten beschriftet, seinem Geburts- und Sterbedatum sowie Sprüchen, die sich auf sein Leben bezogen. Die Bretter wurden meist an Wegkreuzungen aufgestellt und standen dort jahrzehntelang, bis sie verfault waren.","Než byl zemřelý uložen do rakve, byl vystaven na tzv. umrlčím prkně. Po pohřbu truhlář prkno seřízl a opatřil je jménem nebožtíka, datem jeho narození a úmrtí, a verši vztahujícími se k jeho životu. Prkna byla většinou zaražena do země na křižovatkách cest a stála tam pak desítky let, až se rozpadla.","Before the deceased was put into the coffin, he/she was laid on a wooden funeral stretcher. After the funeral, the carpenter trimmed down this wooden board and carved onto it the name of the deceased and the dates on which he/she had died along with some text that was related to his/her life. Usually, the boards were erected at crossroads and stood there for decades until they decomposed."
text11-2,"Einen Verstorbenen legte man zuerst auf das Totenbrett und am zweiten Tag in den Sarg, den der Totengräber auf einer Schubkarre brachte. Der Sarg blieb stehen, bis der Tote bleich war. In dieser Zeit durfte man keine Feuer machen und musste beim Nachbarn kochen. Tags darauf fanden das Begräbnis und die Totenwache statt. Das Totenbrett ließ man im Wasser davonschwimmen.","Zemřelého nejdříve položili na umrlčí prkno a na druhý den do rakve, kterou hrobník přivezl na trakaři. Rakev zůstala v domě tak dlouho, dokud mrtvý nebyl úplně bledý. V této době se v domě nesměl rozdělávat oheň a vařit se muselo u sousedů. Den nato se konal pohřeb a strážení nebožtíka. Umrlčí prkno se pustilo po vodě.","Initially, the deceased was laid on the wooden funeral stretcher and on the second day in the coffin, which the undertaker brought on a barrow. The coffin remained there until the deceased had turned pale. During this period, no fire could be made and meals had to be cooked at the neighbour’s house. The next day, the burial and the vigil next to the grave took place. The funeral stretcher was sent floating downstream."
text11-3,"Der Verstorbene wurde bis zur Beerdigung im Haus aufgebahrt. Dann kam der Priester ins Haus, es wurde gebetet und gesungen. Vier männliche Angehörige trugen den Sarg aus dem Haus und senkten ihn dreimal als Zeichen des Abschieds. Nach der Grabrede streuten die Verwandten Erde sowie Blumen oder Tannenreiser in das Grab und schlugen als Zeichen der Verbundenheit mit dem Verstorbenen das Kreuzzeichen über dem Sarg.","Zemřelý byl až do pohřbu vystaven v domě. Pak přišel kněz, odříkávaly se modlitby a zpívalo se. Čtyři mužští příbuzní vynesli rakev z domu a na znamení loučení ji třikrát spustili hluboko k zemi. Po smuteční řeči nad hrobem házeli příbuzní do hrobu hlínu, květiny a jedlové chvojí a na znamení spřízněnosti se zemřelým udělali nad rakví znamení kříže.","The deceased was laid out in the house until the time of the funeral, whereupon the priest came to the house and prayers were said and hymns sung. Four male relatives carried the coffin out of the house and lowered it three times as a sign of farewell. Following the eulogy at the graveside, the relatives threw soil, flowers or sprigs of fir into the grave and made the sign of the cross over the coffin in a sign of solidarity with the deceased."