,,
1-1,Saazerland_400x300.png,Brauchtum_1-1_400x300.jpg
1-2,Adlergebirge_400x300.png,Brauchtum_1-2_400x300.jpg
1-3,Oberland_400x300.png,Brauchtum_1-3_400x300.jpg
2-1,Riesengebirge_400x300.png,Brauchtum_2-1_400x300.jpg
2-2,Mittelgebirge_400x300.png,Brauchtum_2-2_400x300.jpg
2-3,Elbetal_400x300.png,Brauchtum_2-3_400x300.jpg
2-4,Wischauer_Sprachinsel_400x300.png,Brauchtum_2-4_400x300.jpg
3-1,Oberland_400x300.png,Brauchtum_3-1_400x300.jpg
3-2,Suedmaehren_400x300.png,Brauchtum_3-2_400x300.jpg
3-3,Altvatergebirge_400x300.png,Brauchtum_3-3_400x300.jpg
3-4,Boehmerwald_400x300.png,Brauchtum_3-4_400x300.jpg
4-1,Adlergebirge_400x300.png,Brauchtum_4-1_400x300.jpg
4-2,Kuhlaendchen_400x300.png,Brauchtum_4-2_400x300.jpg
4-3,Erzgebirge_400x300.png,Brauchtum_4-3_400x300.jpg
4-4,Niederland_400x300.png,Brauchtum_4-4_400x300.jpg
4-5,Niederland_400x300.png,Brauchtum_4-5_400x300.jpg
4-6,Iglauer_Sprachinsel_400x300.png,Brauchtum_4-6_400x300.jpg
4-7,Suedmaehren_400x300.png,Brauchtum_4-7_400x300.jpg
4-8,Beskiden_400x300.png,Brauchtum_4-8_400x300.jpg
5-1,Boehmerwald_400x300.png,Brauchtum_5-1_400x300.jpg
5-2,Isergebirge_400x300.png,Brauchtum_5-2_400x300.jpg
5-3,Beskiden_400x300.png,Brauchtum_5-3_400x300.jpg
6-1,Iglauer_Sprachinsel_400x300.png,Brauchtum_6-1_400x300.jpg
6-2,Suedmaehren_400x300.png,Brauchtum_6-2_400x300.jpg
6-3,Schoenhengstgau_400x300.png,Brauchtum_6-3_400x300.jpg
7-1,Altvatergebirge_400x300.png,Brauchtum_7-1_400x300.jpg
7-2,Boehmerwald_400x300.png,Brauchtum_7-2_400x300.jpg
7-3,Isergebirge_400x300.png,Brauchtum_7-3_400x300.jpg
7-4,Riesengebirge_400x300.png,Brauchtum_7-4_400x300.jpg
8-1,Isergebirge_400x300.png,Brauchtum_8-1_400x300.jpg
8-2,Riesengebirge_400x300.png,Brauchtum_8-2_400x300.jpg
8-3,Mittelgebirge_400x300.png,Brauchtum_8-3_400x300.jpg
8-4,Egerland_400x300.png,Brauchtum_8-4_400x300.jpg
8-5,Schoenhengstgau_400x300.png,Brauchtum_8-5_400x300.jpg
8-6,Kuhlaendchen_400x300.png,Brauchtum_8-6_400x300.jpg
9-1,Iglauer_Sprachinsel_400x300.png,Brauchtum_9-1_400x300.jpg
9-2,Wischauer_Sprachinsel_400x300.png,Brauchtum_9-2_400x300.jpg
9-3,Beskiden_400x300.png,Brauchtum_9-3_400x300.jpg
9-4,Egerland_400x300.png,Brauchtum_9-4_400x300.jpg
10-1,Altvatergebirge_400x300.png,Brauchtum_10-1_400x300.jpg
10-2,Erzgebirge_400x300.png,Brauchtum_10-2_400x300.jpg
10-3,Adlergebirge_400x300.png,Brauchtum_10-3_400x300.jpg
10-4,Schoenhengstgau_400x300.png,Brauchtum_10-4_400x300.jpg
11-1,Boehmerwald_400x300.png,Brauchtum_11-1_400x300.jpg
11-2,Egerland_400x300.png,Brauchtum_11-2_400x300.jpg
11-3,Kuhlaendchen_400x300.png,Brauchtum_11-3_400x300.jpg